{"train_epis_ret": 205.0, "env_step": 19832, "_timestamp": 1727286161.3858094, "_runtime": 17.989765405654907, "_step": 22}